<beans:beans xmlns="http://www.springframework.org/schema/security"
    xmlns:beans="http://www.springframework.org/schema/beans"
    xmlns:xsi="http://www.w3.org/2001/XMLSchema-instance"
    xsi:schemaLocation="http://www.springframework.org/schema/beans 
    http://www.springframework.org/schema/beans/spring-beans.xsd
    http://www.springframework.org/schema/security 
    http://www.springframework.org/schema/security/spring-security.xsd">
      
    <http auto-config="true" >
        <intercept-url pattern="/" access="permitAll" />
        <intercept-url pattern="/home" access="permitAll" />
        <intercept-url pattern="/admin**" access="hasRole('ADMIN')" />
        <intercept-url pattern="/dba**" access="hasRole('ADMIN') and hasRole('DBA')" />
        <form-login default-target-url="/list" authentication-failure-url="/accessdenied" />
		<csrf disabled="true"/>
    </http>
  
    <authentication-manager >
        <authentication-provider>
            <user-service>
                <user name="RM1"  password="NEW123"  authorities="ROLE_USER" />
                <user name="admin" password="admin123" authorities="ROLE_ADMIN" />
                <user name="dba"   password="root123" authorities="ROLE_ADMIN,ROLE_DBA" />
            </user-service>
        </authentication-provider>
    </authentication-manager>
      
     
</beans:beans>